timestamp,track_id,class,x,y,w,h
2025-04-30 17:04:31.556356,0,person,150.0,243.0,246.0,236.0
2025-04-30 17:04:31.559862,0,person,536.0,97.0,103.0,381.0
2025-04-30 17:04:31.869219,0,person,494.0,82.0,145.0,397.0
2025-04-30 17:04:31.870382,0,person,140.950977722499,77.22331018791121,368.08765702004393,390.57105840963504
2025-04-30 17:04:31.871391,0,person,554.0828939258406,94.14334119890466,87.83211466529838,370.714915684492
2025-04-30 17:04:32.158541,0,person,131.0,69.0,331.0,409.0
2025-04-30 17:04:32.159046,0,person,539.8497568468742,96.55205171157607,105.2952925387724,357.8968953782862
2025-04-30 17:04:32.160050,0,person,165.5879385757743,59.36553424570042,392.69929124401835,418.6899340623348
2025-04-30 17:04:33.008987,0,person,158.2452544576994,86.4468653193596,276.1584238766245,374.68668961193566
2025-04-30 17:04:33.269034,0,person,450.3632562692243,75.50104964901871,188.03726712005232,415.70652854530294
2025-04-30 17:04:33.270034,0,person,140.42785764117556,84.39561723873479,277.74397809857714,380.29163938986176
2025-04-30 17:04:33.532789,0,person,462.35561303711745,80.75127074970095,179.6788943177953,404.55029108574786
2025-04-30 17:04:33.534093,0,person,148.43480342708912,81.12552726790082,282.52943203116524,387.95041204424945
2025-04-30 17:04:33.804670,0,person,478.43877148501133,78.69944481742144,167.34283161411167,397.9717192722047
2025-04-30 17:04:33.805677,0,person,144.69695933673367,74.52105302216597,292.18019855704154,397.16979942923615
2025-04-30 17:04:34.074806,0,person,481.4392859751438,72.85062033119215,162.85679185393178,399.6448111339429
2025-04-30 17:04:34.075807,0,person,156.42465748080045,71.90520721099318,311.81702327944697,405.13640968898324
2025-04-30 17:04:34.340994,0,person,476.87948318560865,62.554102881404134,164.57441585881116,409.1673841811993
2025-04-30 17:04:34.340994,0,person,155.79174148195258,64.90742197777473,369.9683632924663,420.7800677783795
2025-04-30 17:04:34.630412,0,person,459.5314178923821,45.48917739359311,176.5271179434447,428.52308539344585
2025-04-30 17:04:34.631758,0,person,153.28473021763955,66.46019872942463,408.4617977989034,423.6666049702824
2025-04-30 17:04:34.875114,0,person,433.3234608714431,18.925884418777912,197.52458721485436,456.82370843528844
2025-04-30 17:04:34.876114,0,person,131.50991856992368,62.1031994932581,431.615304474127,425.8028227379001
2025-04-30 17:04:35.130656,0,person,420.942653104177,10.63061501916215,210.8128088192152,469.26583899554646
2025-04-30 17:04:35.130656,0,person,129.7652999630914,63.92475501333746,447.0788963529707,424.34029308616266
2025-04-30 17:04:35.386255,0,person,409.6457925748009,17.46414157955951,222.0378336407523,468.4488013025875
2025-04-30 17:04:35.387257,0,person,110.4870431024165,66.43359042383713,465.8100406654006,422.7735240332257
2025-04-30 17:04:35.649036,0,person,394.5922813141584,39.24656852204822,224.22249352048857,454.58573303175297
2025-04-30 17:04:35.650035,0,person,109.3025705373577,78.34774278097225,464.4075779175063,413.4578347696407
2025-04-30 17:04:35.915791,0,person,389.802235305298,51.83899418652186,235.56222012966617,444.0173265969182
2025-04-30 17:04:35.915791,0,person,112.93934214104746,94.01730320723257,486.5578485415911,400.72911366830806
2025-04-30 17:04:36.173659,0,person,389.6819828516633,61.88802743101721,238.78446901731706,433.416685312219
2025-04-30 17:04:36.174659,0,person,117.85009705531647,75.39676736765452,497.4958987075473,409.2736160556668
2025-04-30 17:04:36.444195,0,person,387.89306436129357,65.88338667351269,243.11215360571043,427.0085097735614
2025-04-30 17:04:36.445195,0,person,111.70592183897028,72.68301971049112,510.09394755104506,411.6617785395521
2025-04-30 17:04:36.705988,0,person,384.7521022014833,67.97697610032591,236.10272518904236,420.74564475571253
2025-04-30 17:04:36.706988,0,person,110.8852045765478,73.35298157959741,506.9530526828578,410.46293386330785
2025-04-30 17:04:36.969899,0,person,393.7300539772175,66.37636181690505,238.3212995833826,420.4976800625012
2025-04-30 17:04:36.969899,0,person,97.59699860573232,96.20816656571549,524.8977207222999,396.2891867533723
2025-04-30 17:04:37.228660,0,person,400.385179189153,61.47101042546524,231.5337998148862,420.44930814568
2025-04-30 17:04:37.228660,0,person,99.61000202811869,103.25746688087412,522.6385269835039,388.16866643659193
2025-04-30 17:04:37.492893,0,person,411.1351216029484,60.538617502879475,228.3707665813638,421.20445298366826
2025-04-30 17:04:37.493893,0,person,105.9615640670147,81.59520765031385,524.8425134238412,398.9149151280508
2025-04-30 17:04:37.741335,0,person,418.4771899184692,58.178963462617645,223.98827309295166,422.2480594884926
2025-04-30 17:04:37.742335,0,person,107.20118219968651,96.14998069540084,526.5216541891817,391.43168386974594
2025-04-30 17:04:37.997564,0,person,418.9173337463199,58.28009718264167,223.1077300691315,423.29713435979966
2025-04-30 17:04:37.998564,0,person,103.39650529805084,103.24908918755227,526.350386741078,385.3930744515618
2025-04-30 17:04:38.276178,0,person,419.44152968398384,56.393126264251094,222.71715106749548,424.30107102797797
2025-04-30 17:04:38.276178,0,person,113.46462946963663,106.30193790867864,526.6398971545954,380.989250803141
2025-04-30 17:04:38.540465,0,person,422.0917740019583,55.17338863445653,220.93902764584885,425.06260196315475
2025-04-30 17:04:38.541465,0,person,120.97531042406291,107.93244544783644,524.4262910328916,378.28151835299957
2025-04-30 17:04:38.804159,0,person,423.4399751199669,54.53784474292965,219.574646474048,424.42050575370183
2025-04-30 17:04:38.805285,0,person,125.10654434205298,106.32802807902357,520.1620265916703,377.0369673069972
2025-04-30 17:04:39.064445,0,person,422.29936129437965,55.132188360207834,219.73480319582768,425.15461025372576
2025-04-30 17:04:39.065449,0,person,130.00559750356524,99.80946987150477,515.5883260809612,380.4674818202461
2025-04-30 17:04:39.317066,0,person,425.9099221655463,55.23722994013531,216.9280986229437,425.05145444175594
2025-04-30 17:04:39.575351,0,person,431.067640403669,54.76979481485475,212.85097077533555,424.74465566206925
2025-04-30 17:04:39.827147,0,person,124.71670437788842,60.95104845449811,325.73995968762097,401.21560665880463
2025-04-30 17:04:39.828146,0,person,453.90197840132987,51.09646750033181,197.61978702149054,425.76347529760153
2025-04-30 17:04:40.077647,0,person,131.3128370394065,53.30110737410229,307.98543713962124,406.2211130143627
2025-04-30 17:04:40.078646,0,person,467.5172371297282,47.78629251122845,185.13282139159855,427.40126990342276
2025-04-30 17:04:40.316081,0,person,142.6905920216319,48.99716485357868,304.6435531495216,413.92002998361744
2025-04-30 17:04:40.317081,0,person,472.9136184388034,46.06630737028843,177.18509745171013,428.99653805954483
2025-04-30 17:04:40.569331,0,person,151.8303128227965,46.094675982923604,305.118313487989,418.9215052800273
2025-04-30 17:04:40.570329,0,person,474.86401221294534,45.028036644141366,172.2513908631529,430.4256968848672
2025-04-30 17:04:40.817379,0,person,151.28682423009948,45.817958713079975,306.59120362399756,421.3459031084193
2025-04-30 17:04:40.818381,0,person,475.4568951485818,44.33120605770105,169.22477090320535,431.6254821512148
2025-04-30 17:04:41.058101,0,person,142.76557902603702,45.814786748550034,319.773428863458,425.5158528026051
2025-04-30 17:04:41.059101,0,person,475.21420665515893,44.28706879477153,167.57980754288542,432.34173303661237
2025-04-30 17:04:41.310568,0,person,122.22205799396968,46.23711473328726,330.30565071351225,427.67278336083496
2025-04-30 17:04:41.311568,0,person,473.0203336809103,45.0088335722034,167.78531297483119,432.48629895328236
2025-04-30 17:04:41.551710,0,person,121.9174817273522,45.25604022695717,327.3595261433079,427.5524699245465
2025-04-30 17:04:41.552710,0,person,467.90645033313496,46.38344818631231,170.45855020911932,431.68250911329574
2025-04-30 17:04:41.794655,0,person,130.32153563024377,45.34045912285009,327.7529380015877,427.9839843219173
2025-04-30 17:04:41.795655,0,person,458.9258388826818,47.84901371472063,176.34483476190394,430.8239693057268
2025-04-30 17:04:42.050429,0,person,122.27141323751948,44.239904832311026,335.97626797981786,429.8198987205153
2025-04-30 17:04:42.051431,0,person,451.67957282587895,49.29040359259116,182.3050195321016,429.4005371144134
2025-04-30 17:04:42.310694,0,person,123.85828383951849,43.610787606560564,336.43643134636216,429.68433295868317
2025-04-30 17:04:42.311694,0,person,445.55687060778894,50.86227818069699,188.0496934439136,428.78231518936775
2025-04-30 17:04:42.552916,0,person,116.89487873550874,41.49583136979203,343.92358041357215,430.16157843646397
2025-04-30 17:04:42.554390,0,person,438.053898753403,51.76927632696734,194.736279533465,426.6266333587231
2025-04-30 17:04:42.805921,0,person,106.57999960415358,39.728358005527895,354.9575190106757,431.02081328617214
2025-04-30 17:04:42.806921,0,person,428.46550195786836,54.17422886938306,202.9635632075599,424.9534916605037
2025-04-30 17:04:43.047440,0,person,100.83575662592432,40.44398400182993,355.67795277523214,432.5654704541065
2025-04-30 17:04:43.048439,0,person,423.4307651287452,56.01018585465917,208.9450831894003,423.77612900651604
2025-04-30 17:04:43.303234,0,person,98.99172955187481,41.00770292747532,351.4534844957867,432.6214632788119
2025-04-30 17:04:43.303234,0,person,416.3277881986949,57.807716952886466,215.80797179164318,422.42361381519106
2025-04-30 17:04:43.558045,0,person,101.3017321300758,40.27194274055648,358.341932819328,433.93057810711196
2025-04-30 17:04:43.559045,0,person,406.8918771902561,59.60842067051561,224.15057685312513,420.9630066433501
2025-04-30 17:04:43.803974,0,person,102.97394691722164,39.30988405737432,360.1190908228374,434.52222774135646
2025-04-30 17:04:43.804974,0,person,406.58264897635956,61.04387035896184,227.41337250344645,419.53630709307345
2025-04-30 17:04:44.060605,0,person,102.1721664191968,38.30296772438891,363.7318316528027,435.4124343844269
2025-04-30 17:04:44.061604,0,person,404.56292479963895,61.631906975785625,230.61307982284484,418.2305523395295
2025-04-30 17:04:44.314277,0,person,100.8108795840032,38.26794682219278,366.6117327454955,435.7458314620711
2025-04-30 17:04:44.315277,0,person,405.1570580067514,62.46000980056266,231.81966472249883,417.8061880721681
2025-04-30 17:04:44.570421,0,person,124.1071855606753,37.021415325188485,353.44863605645,435.10540537544796
2025-04-30 17:04:44.571421,0,person,405.69940313569316,61.3762002810862,232.38789116246562,415.19353305157813
2025-04-30 17:04:44.807460,0,person,146.56892294752868,39.79333027221264,347.33914209011016,434.9413956547488
2025-04-30 17:04:44.808477,0,person,410.0306396722188,62.68679572161784,230.30625833885853,415.9637936753667
2025-04-30 17:04:45.041282,0,person,144.45892419197807,39.023358223712194,340.04076799799986,434.6325451765065
2025-04-30 17:04:45.042283,0,person,414.4073440666739,62.698608325259784,227.37436233745052,415.90905967286903
2025-04-30 17:04:45.275782,0,person,156.89581211373996,36.54919768268593,348.5315502836502,436.9397372889536
2025-04-30 17:04:45.276782,0,person,415.2039184917169,62.88238968620351,226.06697807678393,416.1656372667853
2025-04-30 17:04:45.503611,0,person,154.54730703012908,36.07997061122376,355.27603239859195,438.860443461951
2025-04-30 17:04:45.504610,0,person,415.76240390655124,62.33456057476343,225.08011445440894,413.56410915497213
2025-04-30 17:04:45.740647,0,person,158.4479247863015,37.86260687634112,364.37393307176194,438.9596740748159
2025-04-30 17:04:45.743969,0,person,411.5042901634312,64.88093199068283,227.13498239348343,412.2806239004241
2025-04-30 17:04:45.991270,0,person,142.34369512713613,42.95014915926498,341.38810654175677,435.417649783053
2025-04-30 17:04:45.991270,0,person,411.6857712112139,68.23891095262417,226.95650178884574,411.5727298259885
2025-04-30 17:04:46.240758,0,person,144.71877225391344,46.30996534860196,341.66134270715895,433.1758657626931
2025-04-30 17:04:46.240758,0,person,407.15542070823705,70.34563589444377,229.59103444450187,410.270948932079
2025-04-30 17:04:46.486554,0,person,140.93456185642202,49.29317954696734,332.79841626622454,430.8522980885614
2025-04-30 17:04:46.487554,0,person,404.99925986767676,72.00769437584671,231.50237435742702,409.32433905560356
2025-04-30 17:04:46.754740,0,cell phone,409.54732031873687,111.90239110825888,63.998989644291896,109.81575220071426
2025-04-30 17:04:46.756049,0,person,150.55075521718118,49.97172493538872,341.9070777573934,430.19815044796326
2025-04-30 17:04:46.757053,0,person,404.80635696973195,72.14293680369488,232.33142853634013,408.6118486556477
2025-04-30 17:04:47.033432,0,cell phone,414.18382429692144,104.31723903847322,61.916169589575816,108.39070567424284
2025-04-30 17:04:47.034752,0,person,150.79511749907417,48.186360331541294,350.8298610527967,430.7391767481939
2025-04-30 17:04:47.036217,0,person,404.6115299028494,71.55903399558483,232.9371014254716,408.9204062785725
2025-04-30 17:04:47.465026,0,cell phone,417.74835215134215,101.59009584315187,59.78549323345203,107.72615972480706
2025-04-30 17:04:47.466024,0,person,150.0278940868135,48.04410905551566,358.453091616857,431.1539649806481
2025-04-30 17:04:47.467024,0,person,403.52466713294956,70.7976070779564,233.92931342009348,409.43092770479075
2025-04-30 17:04:47.864771,0,cell phone,419.9372111030949,99.78353477744685,58.272696820768374,107.1772941400186
2025-04-30 17:04:47.865770,0,person,147.0758196204871,50.32667447479443,361.9866814651449,429.8848741057715
2025-04-30 17:04:47.866771,0,person,403.8913682721414,69.30701861354046,234.09310729215366,410.0414231356175
2025-04-30 17:04:48.141758,0,cell phone,419.47991265264693,97.89858109610893,58.585750783627645,112.83791175847409
2025-04-30 17:04:48.142765,0,person,139.33068114505338,49.586339756689625,353.61385781925753,429.33033882669315
2025-04-30 17:04:48.143763,0,person,405.41830590278244,68.83715536854697,233.3757319497072,410.7139188474788
2025-04-30 17:04:48.417380,0,cell phone,420.7307035513988,93.0859897104002,57.697207092697795,111.41420208230132
2025-04-30 17:04:48.418381,0,person,136.80869048740047,50.826418046126804,344.9649052638515,428.0143963034227
2025-04-30 17:04:48.419380,0,person,405.2117181157689,67.87453298908818,233.3990885241633,411.2176062339996
2025-04-30 17:04:48.688046,0,cell phone,419.9585010430038,89.25635382189694,56.973846783152794,109.35530452958955
2025-04-30 17:04:48.689047,0,person,148.05515217790335,50.25274496169729,353.8417015628379,428.2793349457054
2025-04-30 17:04:48.689047,0,person,406.5398458722041,68.09085667433064,232.5769379963561,411.5406487826325
2025-04-30 17:04:48.931423,0,person,138.19953609214411,51.30043555883523,342.34532667377914,427.13749265840113
2025-04-30 17:04:48.932426,0,person,410.9212308827407,68.15858800049963,229.7535883396506,411.6837845079082
2025-04-30 17:04:49.179993,0,person,135.0975007352975,47.60154945782239,339.9393684311166,429.00463392600125
2025-04-30 17:04:49.180994,0,person,405.64352472625575,67.60934967779718,232.12304266912093,412.22590962493837
2025-04-30 17:04:49.432232,0,cell phone,396.68547707447226,92.30882723363017,65.01059810275217,162.37778766340966
2025-04-30 17:04:49.432232,0,person,135.09471772953728,43.65437053537073,353.0382711010194,431.52583063468626
2025-04-30 17:04:49.433232,0,person,407.606657366792,66.51064456708085,231.62600731561793,412.24513450663267
2025-04-30 17:04:49.693634,0,cell phone,396.8792351960117,94.35282210617946,65.28419163645117,150.99091997777566
2025-04-30 17:04:49.694634,0,person,142.4858004210084,45.88644646163078,358.2763452502329,428.94801637627427
2025-04-30 17:04:49.695635,0,person,409.3727088657043,63.598274056623154,230.71716594004062,413.32153563864915
2025-04-30 17:04:49.951590,0,cell phone,394.8214359256896,96.67380097200851,68.52537383864728,149.38005552556905
2025-04-30 17:04:49.952602,0,person,144.83419509835892,49.31041314987175,361.8134004811486,427.4009307829216
2025-04-30 17:04:49.952602,0,person,414.37682325597,60.46070380316223,227.58661910598215,415.8416211042402
2025-04-30 17:04:50.193978,0,cell phone,394.73342028441766,101.22515891579565,71.53541428932192,149.99536103883867
2025-04-30 17:04:50.194981,0,person,141.56284178886517,52.13180301465795,374.68559739893203,424.42609500547303
2025-04-30 17:04:50.195977,0,person,422.864003327993,58.01464648922206,221.70325443645362,418.02082995533885
2025-04-30 17:04:50.441569,0,cell phone,396.84828331810706,101.8381920198582,74.0698119964569,149.41879353827068
2025-04-30 17:04:50.442569,0,person,149.59030074231654,55.24511883046077,374.0157148838688,422.46739663434016
2025-04-30 17:04:50.443569,0,person,427.0960935820384,55.965690979513,217.4159726649052,420.46245859556154
2025-04-30 17:04:50.696831,0,cell phone,398.52298281491164,102.7090345005384,76.00396540599638,151.30198528328054
2025-04-30 17:04:50.697832,0,person,141.66778497142627,52.78834771967831,380.58195164750725,424.4114604988224
2025-04-30 17:04:50.698832,0,person,430.8225325038127,54.31312974395024,213.45349967958964,422.5166340866558
2025-04-30 17:04:50.948224,0,cell phone,399.3723881810247,97.83752977843727,76.94881634544151,152.83238877365886
2025-04-30 17:04:50.948224,0,person,150.7349735425997,55.474750896717666,377.7565022353675,422.46190863588447
2025-04-30 17:04:50.949224,0,person,428.25655583702735,52.583173602243875,213.32006063563904,424.22806863845994
2025-04-30 17:04:51.183972,0,cell phone,402.51917620315174,94.14194451356987,77.68217598396336,151.7779155978526
2025-04-30 17:04:51.184974,0,person,132.64364287809943,56.82896368034437,391.57266028994025,421.68799365730933
2025-04-30 17:04:51.184974,0,person,430.5310371956113,51.42903025009397,211.28889445824296,425.90635558140707
2025-04-30 17:04:51.438973,0,cell phone,406.7029572099807,98.23092226956287,77.91720293378478,151.83879710350953
2025-04-30 17:04:51.439973,0,person,145.39557290015358,56.95894930623891,388.83354914309604,420.8319176676241
2025-04-30 17:04:51.440974,0,person,425.22942735962584,51.53831696944641,213.66243327123135,426.78898492376436
2025-04-30 17:04:51.687381,0,person,430.69175572249463,53.65600268043795,210.68076145447486,425.6144839938843
2025-04-30 17:04:51.948255,0,person,433.27252337627135,53.30535317288178,208.50748842375583,425.5412037779223
2025-04-30 17:04:52.203623,0,person,137.38378787272387,55.27246096292046,314.9847162918895,424.47931959778805
2025-04-30 17:04:52.204624,0,person,434.14747825995505,53.3820290125565,207.19741882805943,425.76308016187716
2025-04-30 17:04:52.457108,0,person,137.71649511039797,58.186807853136116,300.81793252141995,420.31837134544253
2025-04-30 17:04:52.458111,0,person,434.0344273852761,52.9194134397016,206.24120048652048,426.1934053663641
2025-04-30 17:04:52.722720,0,person,143.00887909191218,57.872677171248824,295.6499991878983,417.99314079712815
2025-04-30 17:04:52.723893,0,person,435.2619015617528,54.07096356592919,205.25770927034,425.67558712026675
2025-04-30 17:04:52.980274,0,person,144.15463009515034,58.614423375752864,288.3088081428057,416.783620507842
2025-04-30 17:04:52.981276,0,person,431.2405583290747,54.38014515713104,207.29414738008722,425.0934448934687
2025-04-30 17:04:53.240927,0,person,146.593525661066,58.547923869452035,299.1512286898062,418.362648840544
2025-04-30 17:04:53.241927,0,person,418.0167464118299,56.717512377756634,202.7041512170556,423.7047720049576
2025-04-30 17:04:53.508080,0,person,154.90404268367413,59.289127334342396,296.31167809381986,417.39823310773545
2025-04-30 17:04:53.509080,0,person,412.2207755206166,61.08674506881715,197.9684461572965,420.7870600367953
2025-04-30 17:04:53.776869,0,person,145.4553756416549,62.69298622939809,285.3602626005088,414.77879164646026
2025-04-30 17:04:53.777869,0,person,415.8160776506861,67.65146267824238,191.20497953986364,415.7333976263885
2025-04-30 17:04:54.043158,0,person,149.7523012904035,61.40375388847505,284.1267970192715,415.56695972123737
2025-04-30 17:04:54.044159,0,person,425.4788843219675,78.53968686049498,183.25558268920759,408.09351606780774
2025-04-30 17:04:54.315274,0,person,151.04074295168465,64.98524938572194,284.27267320620683,413.66975325591454
2025-04-30 17:04:54.316276,0,person,431.67771843827444,89.80261188072066,175.26444680557853,398.7112848790549
2025-04-30 17:04:54.586380,0,person,184.38013015059653,67.67455676541232,263.5154947727217,408.9178900735144
2025-04-30 17:04:54.587381,0,person,436.86329480232587,99.50434268424809,168.5805144564174,389.42759471884165
2025-04-30 17:04:54.835469,0,person,201.9881724290084,69.42995891858942,252.7258563368564,406.26195182876234
2025-04-30 17:04:54.836469,0,person,442.95134507974416,106.07661629123876,165.0253328317811,381.96371980809045
2025-04-30 17:04:55.098278,0,cell phone,264.4524264533027,102.71628218858092,111.67994130973113,164.83046447867986
2025-04-30 17:04:55.099278,0,person,212.15331812342018,66.22180621199604,243.98970884554976,405.72197714685035
2025-04-30 17:04:55.100277,0,person,448.72293613812667,110.47762855107268,164.60830973034717,375.18504915358926
2025-04-30 17:04:55.359857,0,cell phone,271.2652806412188,107.86186556361143,110.81162493763713,168.720384203506
2025-04-30 17:04:55.361250,0,person,217.33245484637933,67.2628493970071,231.14365398601888,403.61518611752695
2025-04-30 17:04:55.362280,0,person,447.1647310048636,112.57443319678063,163.4473583469735,370.3204696226733
2025-04-30 17:04:55.631015,0,cell phone,272.452809821867,108.81532249662948,109.24803516680277,170.33202544478414
2025-04-30 17:04:55.632015,0,person,218.19110284892326,68.22557101558255,219.0129103158755,401.67230553656805
2025-04-30 17:04:55.632015,0,person,446.4806497543017,113.88326029766432,161.2086653753404,367.3245063891418
2025-04-30 17:04:55.878832,0,cell phone,271.3556520421139,119.81716224516232,107.1514899373127,162.10307816732694
2025-04-30 17:04:55.879984,0,person,212.08826179487284,69.46408780258034,215.89725531970078,399.8372943558011
2025-04-30 17:04:55.879984,0,person,449.3087286671425,114.94847017567832,158.74383481721208,364.28664893092855
2025-04-30 17:04:56.145077,0,cell phone,272.57476598175714,111.84132250802939,106.56824019775752,165.48454068968823
2025-04-30 17:04:56.145077,0,person,214.4124892568572,70.04394625847718,211.1775784189963,399.5686925167795
2025-04-30 17:04:56.146140,0,person,449.50474080779037,116.8878588475844,156.9439143067671,362.5762359793707
2025-04-30 17:04:56.407596,0,cell phone,271.8028538738643,107.2624740457461,106.90765600595125,167.67610669819874
2025-04-30 17:04:56.408596,0,person,215.4343039509198,70.81738964106609,208.9864133178936,399.0053051364953
2025-04-30 17:04:56.409597,0,person,451.2829717830154,117.97432696653277,154.80163930163127,360.48206781577903
2025-04-30 17:04:56.659579,0,cell phone,278.4971971324394,108.08189576691778,102.42956447851464,165.89468946736764
2025-04-30 17:04:56.660584,0,person,184.93799270506864,69.87770169015675,225.96520425336448,403.20986177496115
2025-04-30 17:04:56.661583,0,person,452.515571556402,119.75008979478227,153.51742787282723,359.4854950215598
2025-04-30 17:04:56.923862,0,cell phone,276.02188140642784,109.7808885977072,104.17895294809955,165.61018426831185
2025-04-30 17:04:56.924864,0,person,203.47861443840702,70.58808556849291,219.91579843786212,402.0016177373043
2025-04-30 17:04:56.925863,0,person,454.8695437826389,120.3952236516266,151.20483420283716,358.42972826490654
2025-04-30 17:04:57.182804,0,cell phone,273.95559535447507,116.22129072321066,105.81991924747217,161.03153461700555
2025-04-30 17:04:57.183804,0,person,211.37485089843034,71.84067559762406,213.27739104844864,400.8672074810804
2025-04-30 17:04:57.184807,0,person,454.5774718981582,120.77712683673292,150.0705360855847,357.67542045913365
2025-04-30 17:04:57.437579,0,cell phone,281.92220229777496,122.5338236261054,100.8333789590032,156.0178400419153
2025-04-30 17:04:57.438579,0,person,183.08205769207245,69.9951563004515,228.81300796984033,404.4061253217358
2025-04-30 17:04:57.438579,0,person,454.1901824881352,121.19955417767449,149.5236061301057,357.4143984927683
2025-04-30 17:04:57.703045,0,cell phone,288.33433647092386,118.92106108550482,96.11287854002342,155.46199473529597
2025-04-30 17:04:57.704044,0,person,198.44312128655486,69.80617885530583,223.6778006903669,404.0540412121836
2025-04-30 17:04:57.704044,0,person,454.40726509622147,121.38369243826199,148.57759262950145,357.20080371910433
2025-04-30 17:04:57.971638,0,cell phone,283.75192926288133,119.06794977873905,97.17208996638328,155.37597561241688
2025-04-30 17:04:57.972638,0,person,212.13020527982502,70.60008392598894,214.5258150635725,402.82705546849934
2025-04-30 17:04:57.973638,0,person,454.6516063637537,121.91905814623789,147.88818651657925,356.77969099829284
2025-04-30 17:04:58.232165,0,cell phone,277.49305846507843,112.27905213615752,100.7050135725832,157.78340645287284
2025-04-30 17:04:58.233165,0,person,216.99606664534397,71.04736576550809,209.04421204595164,401.40250857777244
2025-04-30 17:04:58.234165,0,person,455.3262258786009,121.3279929431456,147.11099143616048,356.1919355731451
2025-04-30 17:04:58.495944,0,laptop,274.9919373303002,116.14240198851667,103.62928551658842,154.92353484430947
2025-04-30 17:04:58.496944,0,person,219.5386182840632,71.62634308624632,204.83637157225564,400.6846293074476
2025-04-30 17:04:58.497943,0,person,454.13077790116745,121.54190242498399,147.10243564562393,356.34701358807865
2025-04-30 17:04:58.772250,0,person,219.50908825516996,72.69371664801085,201.22579072025326,399.35945798853845
2025-04-30 17:04:58.773250,0,person,455.0714165851562,121.02234100798697,146.26706309571972,355.6041117880761
2025-04-30 17:04:59.024370,0,person,215.0016528367289,73.30248263134291,200.9373236004801,399.09088369311803
2025-04-30 17:04:59.025417,0,person,452.9491578421346,119.19716263111633,145.685496870135,357.23298292260574
2025-04-30 17:04:59.291816,0,person,223.44571094554817,73.38781343649873,201.37253736235857,399.9205181473545
2025-04-30 17:04:59.292816,0,person,450.203248728395,114.8122829378255,148.04438441327056,360.63454783204145
2025-04-30 17:04:59.549584,0,person,204.56435188745405,69.1417135015607,216.26947466821673,404.20569278920505
2025-04-30 17:04:59.550584,0,person,448.84979335706566,107.70982521629222,152.8434961785515,366.2548244671643
2025-04-30 17:04:59.802068,0,person,176.9619675071089,70.4831455322126,230.7483338592184,405.7943299474708
2025-04-30 17:04:59.803068,0,person,448.5270428648393,97.2134241287958,160.83061948621304,374.8515238876204
2025-04-30 17:05:00.073642,0,laptop,287.2454083650572,57.554897104478,125.91899462574406,183.45213332257663
2025-04-30 17:05:00.074642,0,person,438.5055315204271,84.07704010117075,170.60429235385004,386.0050824517367
2025-04-30 17:05:00.320754,0,person,223.42874129779307,57.73383182392706,205.36452845868496,408.4989701817278
2025-04-30 17:05:00.321754,0,person,431.05442135194494,74.4593441999281,177.69414816422272,395.00116880261965
2025-04-30 17:05:00.564511,0,person,217.50423142015228,53.65671040323724,205.23718462299303,414.3925335020964
2025-04-30 17:05:00.565509,0,person,427.94924969695484,63.603274601834954,188.15210335811645,405.74637377694285
2025-04-30 17:05:00.827113,0,person,431.62050742246413,57.63003079202582,194.863887788772,412.3482501642196
2025-04-30 17:05:01.081322,0,person,441.1270519033109,51.4859801412812,194.25258384223042,417.52200249167583
2025-04-30 17:05:01.334346,0,person,448.9929482598993,46.32409056358725,191.34268418751026,422.67701750796937
2025-04-30 17:05:01.587235,0,person,223.3387281909755,38.62996610643819,200.79782985649936,427.6808278897209
2025-04-30 17:05:01.588235,0,person,454.3023712627431,42.35549896583464,188.11935110786476,427.4954036615743
2025-04-30 17:05:01.851790,0,person,221.85992416303606,29.142522312369238,201.78769585785403,435.12972531297754
2025-04-30 17:05:01.851790,0,person,456.839360939054,39.159614485688934,185.7458696459487,430.89269703685295
2025-04-30 17:05:02.154835,0,person,459.5476287218485,37.09779775023844,183.20038721426903,434.676572629272
2025-04-30 17:05:02.444031,0,person,460.5088386461369,35.471519185560226,181.60390301327215,437.28359825600086
2025-04-30 17:05:02.717687,0,cell phone,280.4811287937036,40.32445886569607,143.6139864761708,193.1465878360412
2025-04-30 17:05:02.718685,0,person,462.02888839155656,34.001431125568644,179.88733617433974,439.45125050017043
2025-04-30 17:05:02.998175,0,laptop,276.8660694516441,42.569065594201746,140.35065427380016,191.50084146051086
2025-04-30 17:05:02.999174,0,person,219.0112812970881,34.571200603516075,200.91588624832104,436.36145824125947
2025-04-30 17:05:02.999174,0,person,463.31310699487426,31.015885690418713,178.37549735896005,442.6334222539424
2025-04-30 17:05:03.268943,0,cell phone,275.417169655367,39.3440394811779,142.51854305108486,191.94945785911102
2025-04-30 17:05:03.269951,0,person,464.0263380261441,30.736473123613962,177.25669158897335,444.20307150950225
2025-04-30 17:05:03.539530,0,person,149.8383661936075,36.942421421587426,267.2752552403157,441.49805482052375
2025-04-30 17:05:03.540530,0,person,464.91646117956657,31.982458226694945,176.15905149557284,444.8106859669474
2025-04-30 17:05:03.805729,0,person,158.32631266168366,32.97651981141041,264.15678469967247,441.8676919540792
2025-04-30 17:05:03.806728,0,person,465.40755572197565,32.200479821257574,175.35530773931328,444.9872460751635
2025-04-30 17:05:04.087782,0,person,153.88660524346201,34.18631634610756,266.5665265699307,441.82611087197114
2025-04-30 17:05:04.088783,0,person,465.6991597027199,33.215291474058745,174.7650767357755,444.57111049875954
2025-04-30 17:05:04.352030,0,person,465.879386941016,34.360412125512056,174.3336507983575,444.26445769924203
2025-04-30 17:05:04.611408,0,cell phone,271.3781614562015,45.83250707941731,144.69719686604867,192.89403739038772
2025-04-30 17:05:04.612410,0,person,465.99390242665606,35.15091289310206,174.01563751911408,443.4904953710187
2025-04-30 17:05:04.864216,0,laptop,264.679407137784,54.401487317553844,142.5750038758796,183.6449471337245
2025-04-30 17:05:04.865575,0,person,212.0619004055956,34.86288888230911,207.65191792369453,437.59113412354543
2025-04-30 17:05:04.865575,0,person,466.0639705597389,35.336077413573776,173.78551057554182,443.47137194101856
2025-04-30 17:05:05.132081,0,person,214.79919365778022,37.76612274335784,206.0679291228256,437.17541992217525
2025-04-30 17:05:05.133081,0,person,466.567673964258,33.85694249414473,173.34603953052124,443.9900721822689
2025-04-30 17:05:05.376063,0,person,209.1489480811987,38.3961234925373,208.4045657079333,437.32457100493855
2025-04-30 17:05:05.377060,0,person,466.8096456206649,32.489082860375646,173.0308260886634,445.184755707842
2025-04-30 17:05:05.634756,0,person,213.90814617916038,35.07176718657465,207.2549391781772,438.6360733716077
2025-04-30 17:05:05.636170,0,person,466.9382460994644,32.51472093261043,172.79388095030362,445.24207944741306
2025-04-30 17:05:05.897820,0,person,218.90354589194868,35.211126185256944,205.03094843803694,438.95407581100784
2025-04-30 17:05:05.897820,0,person,467.0094752134236,32.99808261170136,172.6189611062345,445.0089318943957
2025-04-30 17:05:06.161716,0,person,219.40497002822656,35.857389832959,203.70271028718253,439.21170680263856
2025-04-30 17:05:06.162716,0,person,467.0491326149122,33.240461381188396,172.49080270116087,444.83735195848556
2025-04-30 17:05:06.409432,0,cell phone,256.48773570421486,34.95280279038501,157.7697293323772,200.27723627150624
2025-04-30 17:05:06.410432,0,person,223.55380754361454,35.85102214320375,202.446100300058,437.2131783654416
2025-04-30 17:05:06.411432,0,person,467.537080038977,35.78828739385074,172.1162317394983,442.5024404864728
2025-04-30 17:05:06.659704,0,cell phone,245.64704366808883,30.450064008478293,160.41463413713007,202.67530655376981
2025-04-30 17:05:06.660704,0,person,222.4413943731182,38.716489663834835,202.09239915031984,436.60826133396813
2025-04-30 17:05:06.660704,0,person,467.77184849828586,36.1619655001586,171.84415340985038,442.1733177271698
2025-04-30 17:05:06.919906,0,cell phone,236.09894892791556,24.010077462236453,156.7054670133365,200.6272444217122
2025-04-30 17:05:06.920907,0,person,222.33032005186953,38.071339762698614,201.30336441964812,437.2393371801993
2025-04-30 17:05:06.921904,0,person,468.3562700386982,36.10253635925437,171.37396068858857,442.46692990305223
2025-04-30 17:05:07.178029,0,skateboard,219.26622025213723,19.644301495824934,155.07154319704537,201.77039343568185
2025-04-30 17:05:07.179029,0,person,207.99954742512725,31.87561686546539,207.35340084078214,439.5837322366251
2025-04-30 17:05:07.180029,0,person,469.1130577856517,37.23832890303311,170.7507137159762,441.5812609537792
2025-04-30 17:05:07.437573,0,person,469.9606003307469,38.76104196857932,170.0189348540228,440.3782293396649
2025-04-30 17:05:07.704602,0,person,470.86065947311073,39.55791387577099,169.2096094637547,439.48862349384945
2025-04-30 17:05:07.969677,0,person,475.0372614267774,38.677140668971674,166.42810527184315,439.55889922725726
2025-04-30 17:05:08.233065,0,person,217.6472491891065,43.76515392760683,205.31523692877067,433.97403355481777
2025-04-30 17:05:08.234065,0,person,472.9205470581411,38.74272711790451,166.86539348493238,439.4399940746888
2025-04-30 17:05:08.484017,0,person,474.80442085547855,38.82153600241753,165.5387054793278,439.29102527026885
2025-04-30 17:05:08.743113,0,person,474.8099254977136,38.869284983436955,165.11907132435,439.2024109656495
2025-04-30 17:05:08.998087,0,person,150.88755509851472,38.75458917613108,266.98262087954436,440.96020681792663
2025-04-30 17:05:08.999097,0,person,472.0893977277945,39.33953833369992,166.4569440722616,438.92074493526525
2025-04-30 17:05:09.257418,0,cell phone,145.40523988748933,27.47088423582018,147.17347690789447,212.33009905192802
2025-04-30 17:05:09.258417,0,person,470.8123703485877,40.033250795409856,167.4318240428404,438.43850327453504
2025-04-30 17:05:09.517250,0,person,217.70811615830758,48.81815130257445,205.7461672316,427.3344127558405
2025-04-30 17:05:09.518250,0,person,470.1516397327186,40.379171664252084,168.14303136428185,438.089942222094
2025-04-30 17:05:09.778018,0,person,469.3108074994084,41.49656337331908,168.93365577538566,437.2891733118264
2025-04-30 17:05:10.053164,0,person,468.8516011170227,42.05616979136033,169.5101451329674,436.70987803377625
2025-04-30 17:05:10.296812,0,cell phone,121.11676512989966,37.422072755115195,143.42330952070517,213.54683801244278
2025-04-30 17:05:10.296812,0,person,469.0370948024952,41.63060555045129,169.66090892015313,437.1058691615349
2025-04-30 17:05:10.550396,0,cell phone,117.48713624841976,40.036647897227084,142.8339356073286,213.5238739925657
2025-04-30 17:05:10.551395,0,person,220.3380940848719,50.400278497490774,199.28715542370992,425.77201709533347
2025-04-30 17:05:10.552395,0,person,468.6169624060051,40.7380136287818,170.04486424906486,437.40553450534605
2025-04-30 17:05:10.810500,0,person,220.33330440832069,52.501674702750336,196.76530698505442,425.3129135879375
2025-04-30 17:05:10.811500,0,person,468.38776375142527,40.07100412242505,170.32848769028828,438.17210988775673
2025-04-30 17:05:11.059402,0,person,218.8753596765419,49.250273742170236,196.10711355803835,426.68284394493276
2025-04-30 17:05:11.060402,0,person,468.71564160247897,40.153561390893685,170.25892882309086,438.44454909541355
2025-04-30 17:05:11.310123,0,person,218.35863835527857,49.88077767615161,196.44390189427781,426.06521244382634
2025-04-30 17:05:11.311123,0,person,468.85276561620526,40.60093314205051,170.206354921203,438.36925146835426
2025-04-30 17:05:11.560364,0,person,469.37589604668943,39.672597604025015,169.89518630445804,438.57663021260464
2025-04-30 17:05:11.831577,0,person,469.6274905540321,39.283543419473716,169.667888667959,438.72808947349995
2025-04-30 17:05:12.082589,0,person,469.7620695350489,40.69054807432548,169.499015526844,438.29112935414594
2025-04-30 17:05:12.342065,0,person,469.8420964183216,42.04057277461922,169.3723990776905,437.1471678999168
2025-04-30 17:05:12.587379,0,person,469.8923140163878,42.28654304877264,169.28023369966854,436.58771259016623
2025-04-30 17:05:12.841183,0,person,217.78180811946834,47.00733548195228,200.78780004696887,426.50434515520203
2025-04-30 17:05:12.842183,0,person,469.92334124155144,41.08413946409442,169.21722815399056,437.00069261844726
2025-04-30 17:05:13.090606,0,person,207.23979496907424,47.07497817332256,207.86026688282425,427.9114516407443
2025-04-30 17:05:13.091607,0,person,470.40946159719033,41.4846756394287,168.89386761527658,436.74549422740074
2025-04-30 17:05:13.337689,0,person,211.3413478628414,47.68884792326145,208.0796106398482,426.6207249527489
2025-04-30 17:05:13.338689,0,person,470.648565997694,41.68127407597643,168.65775552784697,436.5585273101044
2025-04-30 17:05:13.587469,0,person,471.2416409057239,41.792604136963945,168.21125194221554,436.4120834636584
2025-04-30 17:05:13.848964,0,person,471.5411778248742,41.39683067989765,167.8868483988286,436.57726373537093
2025-04-30 17:05:14.106029,0,person,471.24660360447984,42.602944189240446,167.92015329073666,435.8847465321576
2025-04-30 17:05:14.370515,0,person,471.12534506278473,42.716557192552415,167.94542825871417,435.65489710239615
2025-04-30 17:05:14.617794,0,person,129.9461199992243,48.783374517480496,284.0413010533068,428.6906252338582
2025-04-30 17:05:14.617794,0,person,471.0733385959764,43.26119542353817,167.96249967263947,435.2125007210601
2025-04-30 17:05:14.874198,0,person,129.32036623654653,48.54627696544503,285.1590440589997,429.0734708534827
2025-04-30 17:05:14.875199,0,person,221.58217214576,44.330803715424594,205.54885232866081,430.2711451681473
2025-04-30 17:05:14.875199,0,person,471.0481863273423,43.0788514338046,167.9762018600689,435.1643142765746
2025-04-30 17:05:15.124198,0,person,218.11860019572495,44.72469746408311,205.9034681836039,430.0644457155453
2025-04-30 17:05:15.124198,0,person,470.57042158262664,42.546380442203514,168.2617790185118,435.4140337895643
2025-04-30 17:05:15.372017,0,person,222.14726014796204,45.07075300399762,202.50674009163274,428.94935660826366
2025-04-30 17:05:15.373087,0,person,470.33307899705505,39.32995416453278,168.4802560700375,436.9633033110099
2025-04-30 17:05:15.613048,0,person,469.73813961566185,36.442788043279336,168.9196240368105,438.92945509433486
2025-04-30 17:05:15.856551,0,person,468.503098554606,33.33068658557647,169.79998779884636,441.76627794806507
2025-04-30 17:05:16.099925,0,person,464.1840384702921,34.877124696893304,172.61514374435524,441.98462123316835
2025-04-30 17:05:16.337594,0,person,226.79927260984576,44.60685240414199,199.09971298062337,430.22876929021527
2025-04-30 17:05:16.338591,0,person,456.0366263227247,38.835832333117565,178.2248399713926,439.26733270685895
2025-04-30 17:05:16.559951,0,person,192.4159998390944,38.802390014962896,216.21251494740977,432.34137204063217
2025-04-30 17:05:16.560952,0,person,444.56604869590734,42.85408643579285,186.69828361656135,436.4805935043099
2025-04-30 17:05:16.810853,0,person,167.2739097387545,32.921628000819766,235.1817838648893,439.212946814966
2025-04-30 17:05:16.811853,0,person,434.12737531719097,47.99073472672714,195.62285365171965,432.11255455291814
2025-04-30 17:05:17.082906,0,person,163.87739559601542,32.38023617354244,268.1144041960248,441.08974019587913
2025-04-30 17:05:17.083906,0,person,428.1844698958407,55.18796773801532,202.42044463720367,425.81532355896843
2025-04-30 17:05:17.388484,0,person,152.54927199611365,33.23304900126362,274.07812286757394,439.0744300282033
2025-04-30 17:05:17.389484,0,person,426.3569529887293,64.37371767102084,204.91621302169892,418.9668107232228
2025-04-30 17:05:17.658741,0,person,149.6095627333263,37.70419784139878,278.96614622730226,438.54076036361255
2025-04-30 17:05:17.659741,0,person,430.56616950189704,78.53811007691894,197.48213437813837,409.31361932126447
2025-04-30 17:05:17.911426,0,person,145.65152847597867,41.950484662901914,281.42118683677256,435.87570516080757
2025-04-30 17:05:17.912426,0,person,434.0202323644015,92.49102082521733,189.09720728074308,397.53755940888357
2025-04-30 17:05:18.175860,0,person,145.46737908366404,42.46111764758547,283.7697516435935,430.5366580342409
2025-04-30 17:05:18.176864,0,person,436.14683174707903,104.31823510165071,183.7293453012781,387.04503835785397
2025-04-30 17:05:18.438088,0,person,144.97528188964895,44.77354965816059,286.2883115067498,425.57456036845997
2025-04-30 17:05:18.439136,0,person,440.09736042253,112.8875591812386,178.1109259909095,377.99317234079683
2025-04-30 17:05:18.684223,0,person,144.03846159054604,47.21471586254822,287.551122746088,423.1799855688879
2025-04-30 17:05:18.685218,0,person,446.8900678540624,116.74565744276737,177.22991673746287,371.19692352761365
2025-04-30 17:05:18.954119,0,person,144.35348762060732,48.8314262506093,288.74889978435317,422.8507463775177
2025-04-30 17:05:18.955356,0,person,446.1149363228729,117.59531031263802,175.17092626840696,367.6995762015357
2025-04-30 17:05:19.213547,0,person,142.32943734284603,50.169395756388354,287.7043356833424,422.5761524574601
2025-04-30 17:05:19.216547,0,person,445.46325012394135,115.40687837627303,174.48630338210063,367.305457268384
2025-04-30 17:05:19.466507,0,person,142.45355787753817,50.14694903921034,288.8734406694331,423.5182853576989
2025-04-30 17:05:19.467507,0,person,445.3592851465478,105.43707287563356,177.89788250906258,372.22834919474417
2025-04-30 17:05:19.718367,0,person,142.69564458351763,49.52258232106158,288.3588946639919,424.4364628630909
2025-04-30 17:05:19.719367,0,person,438.49388808071893,95.00728369481038,183.73918276717433,379.4459249731433
2025-04-30 17:05:19.979380,0,person,142.15754301162804,48.476434201807905,286.8862719681641,425.07971487646523
2025-04-30 17:05:19.980380,0,person,431.2625819385047,87.4488670456303,189.3676175578264,386.06537081940223
2025-04-30 17:05:20.233058,0,person,142.52243240165927,46.46667502115153,285.2601340559627,425.27065623719704
2025-04-30 17:05:20.234058,0,person,431.1677756062759,78.92631223724402,192.13900788100295,393.33955372614855
2025-04-30 17:05:20.493588,0,person,143.99642631569182,46.53810716792691,284.65394756459966,427.5872169560563
2025-04-30 17:05:20.494592,0,person,437.5948753653354,72.56904546500664,194.69497294478106,399.74556708201624
2025-04-30 17:05:20.759717,0,person,143.21614681601955,44.71316254046391,283.9009079954068,426.29252304062607
2025-04-30 17:05:20.760714,0,person,449.6215503475112,68.00289702828576,190.23878119685537,404.55985227249164
2025-04-30 17:05:21.025260,0,person,143.27053414374305,43.404600138193274,283.62260961526806,425.07466136431003
2025-04-30 17:05:21.026260,0,person,470.25086101599743,62.51076596991416,177.94865027954097,408.7296255464637
2025-04-30 17:05:21.269913,0,person,150.29934168495578,41.3473108652492,296.3274840535562,427.09445348509337
2025-04-30 17:05:21.270913,0,person,493.6353518626951,60.008526794647224,161.02583533493225,411.8602144603527
2025-04-30 17:05:21.526499,0,person,152.08684201414687,42.405534542014294,309.45747102323526,430.0813696487236
2025-04-30 17:05:21.527499,0,person,504.94004946904465,59.140732388423686,148.92808191572726,413.60572214816034
2025-04-30 17:05:21.775513,0,person,152.79848022842492,42.029489141985636,321.50697238625344,432.7875162950834
2025-04-30 17:05:21.776513,0,person,507.9960901286075,58.76472811167045,142.0220933508212,415.7326775527622
2025-04-30 17:05:22.043528,0,person,149.5977474502098,42.2588823377626,328.36031988590844,433.72776322200605
2025-04-30 17:05:22.043528,0,person,506.5584612914714,59.720803580063944,139.16156834277967,416.35896839588213
2025-04-30 17:05:22.302775,0,person,140.97839147443813,42.372266297699554,333.9106270586626,434.68391532293765
2025-04-30 17:05:22.303775,0,person,506.8858648282047,59.79933611563965,136.79941866114768,416.5593961287299
2025-04-30 17:05:22.549558,0,person,129.00660529309062,42.68031777310989,342.8869610950602,435.16495999438723
2025-04-30 17:05:22.550557,0,person,506.88222100641923,60.45329991353404,135.3508687022757,416.73107487778896
2025-04-30 17:05:22.804372,0,person,117.41654789726931,43.336795744934136,353.8190184326131,435.5666392080723
2025-04-30 17:05:22.805372,0,person,507.9926118493801,60.69999909038174,133.747306139738,416.83138970067216
2025-04-30 17:05:23.055802,0,person,113.88723063217498,43.715038369160766,360.1532587613069,436.10290737774255
2025-04-30 17:05:23.056802,0,person,513.2689203846094,61.12012953400409,129.8365694375657,416.2424400842616
2025-04-30 17:05:23.311942,0,person,113.03536033780239,43.58376525221786,364.2217766112583,436.18860686848507
2025-04-30 17:05:23.312943,0,person,511.7230242775447,61.06469990052642,129.45224478214868,416.4709841942712
2025-04-30 17:05:23.569460,0,person,111.63253272616271,42.3987565838693,366.64270451112804,436.5173480592664
2025-04-30 17:05:23.569460,0,person,514.3893770528668,61.52803697044172,127.25442224906669,416.26166565471954
2025-04-30 17:05:23.823053,0,person,108.72915034473326,43.00723673999616,368.40354048277754,436.4734833473492
2025-04-30 17:05:23.824051,0,person,509.70791296310614,61.175209458190125,129.2146017894318,416.60347694283894
2025-04-30 17:05:24.067395,0,person,106.8459483493343,42.790965788859324,368.044326718324,436.69030705954435
2025-04-30 17:05:24.068395,0,person,494.10351011990986,62.39451415854228,138.5865090639802,416.6532211612498
2025-04-30 17:05:24.329258,0,person,116.02535403393082,41.536655221451895,369.69972894403327,437.1491055030316
2025-04-30 17:05:24.330258,0,person,479.56942641698384,65.39819586279847,149.52845098394124,414.2130440990219
2025-04-30 17:05:24.594244,0,person,130.89618327606058,40.97442304700567,371.726282533794,437.490219362061
2025-04-30 17:05:24.595244,0,person,466.5867441805184,69.78381501970418,160.79837339880282,410.71482071540424
2025-04-30 17:05:24.856217,0,person,132.39752382629356,39.42569535347454,380.06588192487175,438.98401738090195
2025-04-30 17:05:24.857216,0,person,462.03918794676287,72.07324021745475,167.64797344494576,408.77890039774184
2025-04-30 17:05:25.110014,0,person,130.0527280423122,37.00048374660986,386.97642858769586,440.6168178981018
2025-04-30 17:05:25.111014,0,person,458.6957861736897,73.21733636699665,172.91867363720644,407.47117511903025
2025-04-30 17:05:25.362029,0,person,125.4504587896792,37.884114607974624,390.35820901457674,440.90253528217295
2025-04-30 17:05:25.363029,0,person,459.51717001145994,73.38397340741878,175.3959413517523,406.83071874732445
2025-04-30 17:05:25.611547,0,person,123.83201008198563,37.50702204642499,395.8354818159657,441.14150853415754
2025-04-30 17:05:25.612700,0,person,459.8968004703847,73.54415231309568,176.92969822269032,406.3684943601663
2025-04-30 17:05:25.862560,0,sports ball,257.2012272348503,104.68718915228187,54.26264652447696,59.39962196378842
2025-04-30 17:05:25.863560,0,person,134.71588380905754,36.84235471077852,392.44610478162633,442.28288846350597
2025-04-30 17:05:25.864561,0,person,458.6850434948379,73.20233368297076,178.32413875646665,406.32301577557337
2025-04-30 17:05:26.114517,0,person,164.77168923833705,36.77653355162383,373.7983939190031,442.35121459012544
2025-04-30 17:05:26.115519,0,person,457.2694460570321,73.05909217846676,180.16325723271285,406.3136104975248
2025-04-30 17:05:26.372983,0,person,153.6304099711051,36.005402675654835,371.14353988051096,442.5711923932636
2025-04-30 17:05:26.374001,0,person,457.1730959685969,73.47515172094197,180.68220337844087,406.00634941936084
2025-04-30 17:05:26.624374,0,person,144.84952919275287,34.72678413332113,372.49637725890426,443.32932896972954
2025-04-30 17:05:26.625374,0,person,457.9965672439833,73.49680008925742,180.51166262915723,405.49476986855234
2025-04-30 17:05:26.877517,0,sports ball,257.3961575053358,103.97456755646452,56.45640733268931,61.022530019633635
2025-04-30 17:05:26.878517,0,person,133.34108416376637,35.486143144844704,378.1282801069925,443.09908422496756
2025-04-30 17:05:26.879517,0,person,456.96647280862936,72.18389998852541,181.2133549026824,405.9703696047668
2025-04-30 17:05:27.130615,0,sports ball,257.37651984894427,103.43041673372237,57.07178895366178,61.49524796284619
2025-04-30 17:05:27.131615,0,person,144.865154370575,34.929054033236184,376.48821716599633,443.4091489029545
2025-04-30 17:05:27.132615,0,person,453.69008450840323,71.5714631289743,183.3682302445057,406.3702402918809
2025-04-30 17:05:27.388367,0,sports ball,257.2803877574694,103.1702586875489,57.46676346332845,61.78469055919216
2025-04-30 17:05:27.389368,0,person,129.94677482864438,35.414975881894975,387.6172546861445,444.10143943810226
2025-04-30 17:05:27.389368,0,person,452.5528104682104,71.92785030652249,184.6665761902268,406.6468895820792
2025-04-30 17:05:27.648139,0,sports ball,257.87659543855966,102.86645592609597,57.67771287535311,61.63670027192359
2025-04-30 17:05:27.649140,0,person,123.82305086760181,36.2476242758448,397.9183711617199,443.72956423738174
2025-04-30 17:05:27.649140,0,person,456.08427884270617,70.02017446327633,183.15506875367277,407.57002207560424
2025-04-30 17:05:27.902010,0,sports ball,258.23310351293395,102.75900218110158,58.142496487017524,61.57117102512336
2025-04-30 17:05:27.903010,0,person,119.6765124118219,34.74678061010897,405.4438613995022,444.6138658494241
2025-04-30 17:05:27.904011,0,person,459.09697079924894,68.68643095516654,181.23166509321453,408.48599691456025
2025-04-30 17:05:28.151113,0,sports ball,258.4582259714182,102.7178233001895,58.78041811414471,61.55262602386388
2025-04-30 17:05:28.152114,0,person,116.69509497395521,34.31506047264068,411.746356113381,444.6772833984022
2025-04-30 17:05:28.153113,0,person,461.517002000985,69.86453545270038,179.2726965859817,408.08327577537034
2025-04-30 17:05:28.403389,0,sports ball,258.07786417724554,102.75494861306892,58.60876273511201,61.44499895813202
2025-04-30 17:05:28.404389,0,person,122.13987115064353,33.710238203587636,411.4142325212042,444.93821619473215
2025-04-30 17:05:28.405389,0,person,463.2451386156778,71.04476213818549,177.56895999370204,407.77664478566805
2025-04-30 17:05:28.643444,0,sports ball,257.6179557574531,103.306020816335,57.840410882080164,60.99405563686332
2025-04-30 17:05:28.644598,0,person,118.77300546899258,32.962072029566116,413.6355492095637,445.43121668452454
2025-04-30 17:05:28.644598,0,person,464.6627510450606,71.35962219934237,176.05030328863057,407.27346962877857
2025-04-30 17:05:28.900308,0,sports ball,257.39057799548794,103.60584859082712,56.98900831935896,60.64292549284545
2025-04-30 17:05:28.900812,0,person,115.93139097766436,33.08594886933062,411.6886599418052,445.4673231451195
2025-04-30 17:05:28.901817,0,person,465.9248229514693,70.19008652089042,174.67278706615457,407.6979590653199
2025-04-30 17:05:29.153952,0,person,126.95982534189292,32.716027914308995,403.69318370943256,445.67394952642456
2025-04-30 17:05:29.154953,0,person,465.2511885397778,70.76943510356986,174.48717171407907,407.77026824281575
2025-04-30 17:05:29.409430,0,person,126.4302467899929,34.745880851510236,402.2314613957735,445.3408107259263
2025-04-30 17:05:29.410429,0,person,452.5059818311003,68.47541118564257,181.75701463395518,409.56132810428323
2025-04-30 17:05:29.662446,0,person,127.30647843298885,33.34796631124726,401.43988104029535,445.6396810957257
2025-04-30 17:05:29.663446,0,person,460.3125597198831,70.25544879504346,178.83464251569558,408.85940024924537
2025-04-30 17:05:29.919089,0,sports ball,257.21750279344104,103.93628094359653,56.21238585678714,60.12793885644129
2025-04-30 17:05:29.920276,0,person,131.2802459135817,32.78401770687378,398.39350963339257,445.8223921003004
2025-04-30 17:05:29.920276,0,person,464.26719061736765,70.87163972938379,176.42655994720621,408.0618953086022
2025-04-30 17:05:30.178588,0,sports ball,257.7030063107724,103.79400088679569,56.10537451763207,59.76056080567673
2025-04-30 17:05:30.179838,0,person,134.8854102700277,33.660175487551044,395.6164344457037,445.67799917694913
2025-04-30 17:05:30.179838,0,person,466.65294739053223,70.79380760776039,174.39609491344396,407.7269744605193
2025-04-30 17:05:30.438463,0,sports ball,257.9123336771533,103.62229203498326,56.01474035265164,59.203195953317376
2025-04-30 17:05:30.439463,0,person,123.20786454687465,32.08115137710786,404.28060184582813,446.8411420453206
2025-04-30 17:05:30.439463,0,person,467.4427193095347,70.55130572827528,173.1912522145917,408.0232008844529
2025-04-30 17:05:30.695570,0,sports ball,258.0053679077842,103.65009442399534,55.951823727058354,58.80899168699659
2025-04-30 17:05:30.696570,0,person,119.09756495003151,31.30646765761881,409.50269492159305,447.6391159608072
2025-04-30 17:05:30.697570,0,person,467.94085816118735,68.56185184147563,172.32048736046414,409.31728626565507
2025-04-30 17:05:30.952287,0,sports ball,257.86780487709564,103.73755769758449,55.61783244823209,58.51032188644848
2025-04-30 17:05:30.953287,0,person,118.26557545281906,29.79287483537354,410.0261008578944,448.43177593906887
2025-04-30 17:05:30.954287,0,person,467.81655117850164,70.34402589813618,171.94777070034547,408.65420174548717
2025-04-30 17:05:31.202697,0,sports ball,257.8621849602552,104.00647447193279,55.39697657334841,58.58432792698409
2025-04-30 17:05:31.203702,0,person,120.07743102650255,30.682214170823045,407.93268082818105,448.42962055968593
2025-04-30 17:05:31.204702,0,person,465.97087371591874,69.26472024349187,172.77738939361825,409.3053790642423
2025-04-30 17:05:31.465781,0,sports ball,258.08015101213806,104.08555209575519,55.52705202124935,58.662177471100335
2025-04-30 17:05:31.466778,0,person,128.09679701647116,27.632081057571867,404.23230198339473,449.99362469454695
2025-04-30 17:05:31.466778,0,person,462.8065179483772,70.11876104403689,174.74685932579132,408.9839275197776
2025-04-30 17:05:31.742548,0,person,138.9354281550346,29.407926081607457,406.1603065089172,449.3055612051099
2025-04-30 17:05:31.743927,0,person,463.5789668414725,69.86282297564864,174.8150532686832,408.7169120067657
2025-04-30 17:05:31.987255,0,person,464.7894218103726,68.89513814828027,174.32037666091514,409.0499660666336
2025-04-30 17:05:32.222955,0,person,465.3374318678904,69.5856150705448,173.95765305500726,409.02239655053427
2025-04-30 17:05:32.463388,0,person,189.69880610386622,37.44247446429969,254.9770134819056,436.7207379924879
2025-04-30 17:05:32.464388,0,person,464.6817782259901,69.65680721319444,174.2391302157314,408.74419766224594
2025-04-30 17:05:32.725834,0,person,216.32477780005095,48.683042227639646,232.1003361225231,418.47228709350907
2025-04-30 17:05:32.725834,0,person,462.99083435217267,69.44322443396786,175.26921235729174,409.12082653349796
2025-04-30 17:05:32.968390,0,person,225.93228269399145,55.78670373719311,218.7522756458319,410.5686184532765
2025-04-30 17:05:32.969390,0,person,464.4886080687357,68.94025388641731,174.6487175888355,408.80285130313223
2025-04-30 17:05:33.203721,0,person,216.12968366663074,56.07443905936711,217.66603470130008,412.61637738612944
2025-04-30 17:05:33.205224,0,person,467.01869172249326,68.09554401893615,173.1055977564281,409.33960814132774
2025-04-30 17:05:33.444735,0,person,205.46495297612157,50.717375824908686,233.67288389738272,423.34344456447934
2025-04-30 17:05:33.445744,0,person,475.6570010667253,65.96610442575579,167.60647882595737,410.5553214420245
2025-04-30 17:05:33.663843,0,person,182.06061557734802,52.51709060726094,247.87706064928477,426.43408330310103
2025-04-30 17:05:33.664843,0,person,483.1304971081285,65.62914804338064,161.67553526852004,411.3915015524152
2025-04-30 17:05:33.895223,0,person,173.44353077546836,63.78539018590973,260.3706846327374,420.4295815269378
2025-04-30 17:05:33.896223,0,person,491.61188137250724,64.96983681205447,154.61068534511924,412.13408970068053
2025-04-30 17:05:34.113477,0,person,157.5682103198556,98.40490354981739,272.8131843943594,394.76317398432263
2025-04-30 17:05:34.114904,0,person,500.6647256512067,65.09766510182251,146.71495974037794,412.32716470210164
2025-04-30 17:05:34.337867,0,person,141.3954829693166,134.3406918609616,272.57997401260184,364.1858714177988
2025-04-30 17:05:34.338866,0,person,510.0688700260107,65.41832690374548,138.2125524244418,411.8696913787236
2025-04-30 17:05:34.545798,0,person,134.87022205089627,172.00991238268338,266.9211150474184,329.7439648927302
2025-04-30 17:05:34.546799,0,person,516.9207063374585,66.11411671161164,130.91217746248162,411.2121863674113
2025-04-30 17:05:34.761144,0,person,137.18970504718834,196.90296752059504,256.155092178371,302.6550086448094
2025-04-30 17:05:34.762201,0,person,521.6578842834003,66.7400279016384,125.03929991573887,410.9010454687815
2025-04-30 17:05:34.983960,0,person,138.46865476755426,212.10057393123105,252.8712704495075,282.7802716894704
2025-04-30 17:05:34.984959,0,person,520.7038787570359,63.83886641108219,122.95239586113121,411.8424659033959
2025-04-30 17:05:35.199246,0,person,131.87579945312777,220.73700897283805,256.1367283481759,269.48555201249474
2025-04-30 17:05:35.200245,0,person,510.8974508930671,58.257803913593506,127.20958754762228,415.9454738697009
2025-04-30 17:05:35.413515,0,person,118.9791147317822,226.5183512817549,233.67333589295043,258.1696155058481
2025-04-30 17:05:35.414515,0,person,498.97852048945964,57.86154033283805,134.6816963267275,418.00227436546584
2025-04-30 17:05:35.615129,0,person,129.4582548516414,228.91003098159598,239.4467681066958,252.94334561966662
2025-04-30 17:05:35.616128,0,person,481.55051224280527,60.51773650852772,146.9662050182381,417.1215548936117
2025-04-30 17:05:35.813028,0,person,134.1254892615831,229.73368782834993,244.48191214597395,249.99629209835453
2025-04-30 17:05:35.814028,0,person,466.3102580560186,65.21784829218737,159.76132076362774,414.6505091810765
2025-04-30 17:05:36.007904,0,person,140.64065875920656,230.8457932436995,245.62703256284462,247.5138748570154
2025-04-30 17:05:36.008904,0,person,452.76547966136627,70.75125179756162,172.38414079865083,410.78968211321046
2025-04-30 17:05:36.213105,0,person,145.7652328485791,232.45258036797884,244.82113931224183,245.13796972655928
2025-04-30 17:05:36.214105,0,person,442.04544437075634,74.32105881950457,183.23164132333153,407.67509555536026
2025-04-30 17:05:36.411817,0,person,145.98059210891768,240.43359751264558,242.8205529190932,238.97699052526275
2025-04-30 17:05:36.412816,0,person,434.0273339096602,74.95345901052221,192.7843501385442,405.94728542932796
2025-04-30 17:05:36.636898,0,person,157.16167773250868,248.46098390789604,244.7961941549985,232.20854344388658
2025-04-30 17:05:36.637897,0,person,431.2466963720677,74.7767128832042,198.6581601938537,404.7838314185111
2025-04-30 17:05:36.856543,0,person,166.91698753124416,247.2468911256948,248.9336192599826,230.64518035097808
2025-04-30 17:05:36.857543,0,person,431.5598388754555,73.86612188073681,201.57300687788052,403.38791859299124
2025-04-30 17:05:37.069807,0,person,160.62737242419095,234.8262146465687,257.3548106442454,237.98134550847215
2025-04-30 17:05:37.070806,0,person,449.30807676314333,73.9636348236487,193.02516066099457,403.2575347763235
2025-04-30 17:05:37.283798,0,person,156.12722587759518,226.1489383826065,260.7764754659138,244.534769162036
2025-04-30 17:05:37.284797,0,person,466.8550085126945,75.64776824156542,181.30631528768362,401.8597391153995
2025-04-30 17:05:37.499755,0,person,168.95870724217255,223.13834097211753,253.85556820173426,247.59384613006694
2025-04-30 17:05:37.500754,0,person,486.6819190363941,80.50732998713653,166.20046248989638,396.79203060812563
2025-04-30 17:05:37.686681,0,person,184.99141089016325,222.62695597496491,249.09265731003086,249.31996864927294
2025-04-30 17:05:37.687681,0,person,505.82871533997894,117.30917748916065,150.2177003340849,378.4756579246092
2025-04-30 17:05:37.872843,0,person,186.47881426807754,222.81339745622228,239.3614802152356,249.75065219969588
2025-04-30 17:05:37.874004,0,person,518.7320676000589,136.03341010242627,136.66770374620933,363.22203650204415
2025-04-30 17:05:38.051863,0,person,188.973230472728,223.44710477659302,234.9217334214577,249.98666975121287
2025-04-30 17:05:38.052862,0,person,529.7195051698703,145.7330719136909,124.39788093115862,351.385063767427
2025-04-30 17:05:38.223187,0,person,191.539996020617,223.67173422824987,229.2145726476178,250.00648938988616
2025-04-30 17:05:38.224621,0,person,535.9626555972143,156.033473206945,115.40690080982517,339.29412636402026
2025-04-30 17:05:38.396066,0,person,194.2609598177281,224.55577726617798,225.39744106430183,249.62754135342982
2025-04-30 17:05:38.397066,0,person,542.1603682507902,165.61075698457074,107.41083533692199,328.354133156408
2025-04-30 17:05:38.568599,0,person,202.1101899957111,225.67085815476202,225.23087135712512,249.14178213071705
2025-04-30 17:05:38.728936,0,person,208.94532454745246,226.5584171829753,225.17285915742252,248.59629290595672
2025-04-30 17:05:38.902780,0,person,218.8548536137996,230.12233422380075,227.34814491290933,246.42458928151837
2025-04-30 17:05:39.048783,0,person,220.15501918226846,232.639512858942,230.94692737462105,244.49435762047278
2025-04-30 17:05:39.208405,0,person,224.18712758466066,234.349184080813,232.2019194589836,242.8183981549582
2025-04-30 17:05:39.375888,0,person,582.0634651072702,54.64193455914193,55.19879255348587,433.26859348670575
2025-04-30 17:05:39.375888,0,person,222.7360688540238,235.13828410818238,235.15618489697113,241.81458545063307
2025-04-30 17:05:39.538481,0,person,585.4774941174347,54.16705710455537,53.476111973203615,412.61360637229996
2025-04-30 17:05:39.539480,0,person,220.80657767154617,236.51103187483352,236.20711901245772,240.51008502979823
2025-04-30 17:05:39.701561,0,person,595.1808557021275,60.84498723227895,46.27789645896337,373.3762201299535
2025-04-30 17:05:39.702561,0,person,219.92951822024907,235.83677867036488,235.3966046869615,240.36814195298746
2025-04-30 17:05:39.859499,0,person,607.2251537515011,76.41871612106354,36.34367366561787,331.5906276072697
2025-04-30 17:05:39.860500,0,person,218.2472254136074,236.51031767985398,233.70230709151485,239.68954384270273
2025-04-30 17:05:40.022957,0,person,214.511991290212,235.42878584777415,232.58096228334443,240.08368320971104
2025-04-30 17:05:40.023957,0,person,172.07277788211354,260.1354246060443,170.15290935343762,217.4666339393084
2025-04-30 17:05:40.199864,0,person,210.04416362611153,235.31649194578426,232.9219435995883,240.2330316125857
2025-04-30 17:05:40.370567,0,person,207.10636781306056,235.18781447770363,233.50193326568967,240.4132380143393
2025-04-30 17:05:40.545997,0,person,205.4700944771101,235.0800540591946,233.41196782952923,240.55549844575683
2025-04-30 17:05:40.726268,0,person,201.72879997109897,233.95827608124944,235.67118778483962,241.42548558817361
2025-04-30 17:05:40.885737,0,person,198.83206316012425,231.96533665324606,236.8557746588103,242.89667987720165
2025-04-30 17:05:41.068243,0,person,209.18792160573898,231.89012162373913,236.59769270432471,243.37277353252065
2025-04-30 17:05:41.238628,0,person,227.3299187629103,232.74395924895813,234.1804391811311,243.07505888880635
2025-04-30 17:05:41.404794,0,person,260.98022524947237,231.43131840673112,257.3479937338716,244.90940889301578
2025-04-30 17:05:41.592670,0,person,277.01120248480726,229.04435267904,281.5735620250611,247.40444531024207
2025-04-30 17:05:41.774173,0,person,281.9766608918801,228.00100327882413,290.59548124769424,248.61235212880806
2025-04-30 17:05:41.990514,0,person,281.70278232432884,226.5810175509261,291.92896864557645,249.80521292661183
2025-04-30 17:05:42.190912,0,person,282.60803953551857,226.75159104224576,293.16500069833825,250.14145480947218
2025-04-30 17:05:42.191975,0,chair,189.01408294601256,254.38970884827995,184.3303406220351,227.4292552778777
2025-04-30 17:05:42.366245,0,person,279.7988946694723,228.16679973640078,292.9348157937713,249.52597392379005
2025-04-30 17:05:42.534932,0,person,268.52987328503565,228.50559339353794,282.7858729368508,249.03122766109811
2025-04-30 17:05:42.709828,0,person,272.8790005499728,228.51121203600343,286.8057931730345,249.08094182166917
2025-04-30 17:05:42.882241,0,person,273.02223022305407,228.52646236674735,287.81147743427164,249.0655034169789
2025-04-30 17:05:43.061875,0,person,273.13798245223313,228.98123928265323,289.10717588853174,248.807176057402
2025-04-30 17:05:43.254322,0,person,545.9324007527139,37.15530361829113,84.96317562966033,471.58089198450136
2025-04-30 17:05:43.255322,0,person,275.08516611225735,230.07861940017358,293.3791955006362,248.1579286032993
2025-04-30 17:05:43.430484,0,person,501.6308439199805,88.35575803981189,119.87500473559862,435.45784323994087
2025-04-30 17:05:43.431483,0,person,274.47594328400845,230.61308697441643,294.8462090425381,247.66566709644655
2025-04-30 17:05:43.621510,0,person,486.991371696863,98.66582931975162,137.98428997014094,420.1835540321274
2025-04-30 17:05:43.622741,0,person,273.76024934552447,230.4370141247756,294.8341604961407,247.57132849453728
2025-04-30 17:05:43.808902,0,person,482.4303985820508,117.97236853499359,147.3022850308884,397.1918256920061
2025-04-30 17:05:43.809905,0,person,273.6551108132238,230.3822837033221,294.28699937539557,247.49961266837656
2025-04-30 17:05:43.992961,0,person,485.51233379265307,121.11811712486409,149.57415101390893,384.7834919202479
2025-04-30 17:05:43.993961,0,person,274.351630749803,230.37491768374298,293.07217554668523,247.43590929536424
2025-04-30 17:05:44.173974,0,person,490.09887658363095,132.74189216679494,148.58011184581028,371.2753889860012
2025-04-30 17:05:44.174974,0,person,273.89514591231955,230.37654727057551,291.92456543044693,247.39448903173346
2025-04-30 17:05:44.357648,0,person,497.9653618212818,136.42685450738645,144.03730703181918,362.40437662945817
2025-04-30 17:05:44.358648,0,person,274.7731044912609,229.88816510149854,292.4996141116408,247.69634113533937
2025-04-30 17:05:44.542260,0,person,504.9950021008276,143.8271661101735,138.68177165831435,353.48132630015925
2025-04-30 17:05:44.542260,0,person,274.06918998438306,228.2528471774173,292.695811306703,248.7459951626398
2025-04-30 17:05:44.727366,0,person,516.622726740995,143.7189217898427,129.73717867226628,348.28695830876893
2025-04-30 17:05:44.728366,0,person,267.5101480615024,228.02664831128317,285.6372107347207,249.00689678744902
2025-04-30 17:05:44.891317,0,person,260.74898178466015,228.02581078847683,272.47581098776186,248.93857201279573
